confirmedAddCount,confirmedCount,continents,country,createdAt,curedAddCount,curedCount,deadAddCount,deadCount,id,recordAt,seriousAddCount,seriousCount,sourceUrl,suspectedAddCount,suspectedCount,updatedAt,virus
0,897,,"中国",1580906042861,0,36,0,26,ck69an1m50000ci7clhmzuae6,1579881254308,0,0,https://ncov.dxy.cn/ncovh5/view/pneumonia?scene=2&clicktime=1579580049&enterid=1579580049&from=groupmessage&isappinstalled=0&tdsourcetag=s_pcqq_aiomsg,0,1076,1580908895879,cnov
0,14490,,"中国",1580906808333,0,434,0,304,ck69b3g9900002r7cegb6yrww,1580658452964,0,0,https://ncov.dxy.cn/ncovh5/view/pneumonia?scene=2&clicktime=1579580049&enterid=1579580049&from=groupmessage&isappinstalled=0&tdsourcetag=s_pcqq_aiomsg,0,19544,1580908890179,cnov
2930,17341,,"中国",1580907214465,199,527,57,361,ck69bc5mp0000jp7cfli6cnky,1580741818514,186,2296,https://ncov.dxy.cn/ncovh5/view/pneumonia?scene=2&clicktime=1579580049&enterid=1579580049&from=groupmessage&isappinstalled=0&tdsourcetag=s_pcqq_aiomsg,5173,21558,1580908889411,cnov
3294,20530,,"中国",1580907584934,243,718,65,426,ck69bk3hi0000zq7ci0x62n0g,1580830706203,492,2788,https://ncov.dxy.cn/ncovh5/view/pneumonia?scene=2&clicktime=1579580049&enterid=1579580049&from=groupmessage&isappinstalled=0&tdsourcetag=s_pcqq_aiomsg,5072,23214,1580908291319,cnov
0,11901,,"中国",1580908891338,0,275,0,259,ck69cc3ii0000097ckiqvp0zy,1580572013406,0,0,https://ncov.dxy.cn/ncovh5/view/pneumonia?scene=2&clicktime=1579580049&enterid=1579580049&from=groupmessage&isappinstalled=0&tdsourcetag=s_pcqq_aiomsg,0,17988,1580908891339,cnov
0,9811,,"中国",1580908891997,0,214,0,213,ck69cc40t0001097cvszoaail,1580481785199,0,0,https://ncov.dxy.cn/ncovh5/view/pneumonia?scene=2&clicktime=1579580049&enterid=1579580049&from=groupmessage&isappinstalled=0&tdsourcetag=s_pcqq_aiomsg,0,15238,1580908891997,cnov
0,8149,,"中国",1580908892531,0,135,0,171,ck69cc4fn0002097cj9a2deo8,1580396939195,0,0,https://ncov.dxy.cn/ncovh5/view/pneumonia?scene=2&clicktime=1579580049&enterid=1579580049&from=groupmessage&isappinstalled=0&tdsourcetag=s_pcqq_aiomsg,0,12167,1580908892531,cnov
0,6095,,"中国",1580908893024,0,119,0,133,ck69cc4tc0003097cw263a12l,1580311864208,0,0,https://ncov.dxy.cn/ncovh5/view/pneumonia?scene=2&clicktime=1579580049&enterid=1579580049&from=groupmessage&isappinstalled=0&tdsourcetag=s_pcqq_aiomsg,0,9239,1580908893024,cnov
0,4630,,"中国",1580908893696,0,73,0,106,ck69cc5c00004097cen03fckz,1580216523262,0,0,https://ncov.dxy.cn/ncovh5/view/pneumonia?scene=2&clicktime=1579580049&enterid=1579580049&from=groupmessage&isappinstalled=0&tdsourcetag=s_pcqq_aiomsg,0,6973,1580908893696,cnov
0,2857,,"中国",1580908894441,0,56,0,82,ck69cc5wp0005097cfyab3h8a,1580140525804,0,0,https://ncov.dxy.cn/ncovh5/view/pneumonia?scene=2&clicktime=1579580049&enterid=1579580049&from=groupmessage&isappinstalled=0&tdsourcetag=s_pcqq_aiomsg,0,5794,1580908894441,cnov
0,2076,,"中国",1580908894991,0,49,0,56,ck69cc6bz0006097cjrrkfi9w,1580051011661,0,0,https://ncov.dxy.cn/ncovh5/view/pneumonia?scene=2&clicktime=1579580049&enterid=1579580049&from=groupmessage&isappinstalled=0&tdsourcetag=s_pcqq_aiomsg,0,2692,1580908894991,cnov
0,1408,,"中国",1580908895387,0,39,0,42,ck69cc6mz0007097chpzr45lw,1579967675140,0,0,https://ncov.dxy.cn/ncovh5/view/pneumonia?scene=2&clicktime=1579580049&enterid=1579580049&from=groupmessage&isappinstalled=0&tdsourcetag=s_pcqq_aiomsg,0,2032,1580908895387,cnov
3204,31264,"亚洲","中国",1581037584779,600,1753,73,637,ck6bgyfz800001f7cha29l04i,1581089002000,962,4821,https://ncov.dxy.cn/ncovh5/view/pneumonia,4833,26359,1581095425312,cnov
3775,28138,,"中国",1581037584954,481,1373,73,564,ck6bgyg5600011f7cz1txqnps,1581001350670,640,3859,https://ncov.dxy.cn/ncovh5/view/pneumonia?scene=2&clicktime=1579580049&enterid=1579580049&from=groupmessage&isappinstalled=0&tdsourcetag=s_pcqq_aiomsg,5328,24702,1581037584954,cnov
3960,24434,,"中国",1581037585292,388,1018,68,493,ck6bgygek00021f7c21zle1yk,1580917949021,431,3219,https://ncov.dxy.cn/ncovh5/view/pneumonia?scene=2&clicktime=1579580049&enterid=1579580049&from=groupmessage&isappinstalled=0&tdsourcetag=s_pcqq_aiomsg,3971,23260,1581037585292,cnov
,86,"亚洲","日本",1581088305290,,1,,0,ck6cb5k6j0000za7c82a4fntr,1581044365000,,,https://ncov.dxy.cn/ncovh5/view/pneumonia,,0,1581088305290,cnov
,30,"亚洲","新加坡",1581088305550,,0,,0,ck6cb5kem0001za7c4ig6dd6r,1581044408000,,,https://ncov.dxy.cn/ncovh5/view/pneumonia,,0,1581088305551,cnov
,25,"亚洲","泰国",1581088305777,,5,,0,ck6cb5kkx0002za7c0fg2alku,1580830169000,,,https://ncov.dxy.cn/ncovh5/view/pneumonia,,0,1581088305777,cnov
,24,"亚洲","韩国",1581088306333,,1,,0,ck6cb5l0d0003za7ceumgvar0,1581044443000,,,https://ncov.dxy.cn/ncovh5/view/pneumonia,,0,1581088306333,cnov
,15,"大洋洲","澳大利亚",1581088307581,,2,,0,ck6cb5lz10004za7c6jlcsp1g,1581065420000,,,https://ncov.dxy.cn/ncovh5/view/pneumonia,,0,1581088307581,cnov
,12,"亚洲","马来西亚",1581088307876,,1,,0,ck6cb5m780005za7cmjau5rcd,1581066539000,,,https://ncov.dxy.cn/ncovh5/view/pneumonia,,0,1581088307877,cnov
,12,"北美洲","美国",1581088308124,,0,,0,ck6cb5me40006za7cn71em0pa,1580957910000,,,https://ncov.dxy.cn/ncovh5/view/pneumonia,,0,1581088308124,cnov
,12,"欧洲","德国",1581088308455,,0,,0,ck6cb5mnb0007za7c23qcfadc,1580784147000,,,https://ncov.dxy.cn/ncovh5/view/pneumonia,,0,1581088308455,cnov
,10,"亚洲","越南",1581088308750,,1,,0,ck6cb5mvi0008za7cx9rfpz6i,1580805000000,,,https://ncov.dxy.cn/ncovh5/view/pneumonia,,0,1581088308750,cnov
,6,"欧洲","法国",1581088309045,,0,,0,ck6cb5n3p0009za7cg0lok2zp,1580516875000,,,https://ncov.dxy.cn/ncovh5/view/pneumonia,,0,1581088309045,cnov
,5,"北美洲","加拿大",1581088309358,,0,,0,ck6cb5nce0010za7crlts4u5q,1580872782000,,,https://ncov.dxy.cn/ncovh5/view/pneumonia,,0,1581088309358,cnov
,5,"亚洲","阿联酋",1581088309670,,0,,0,ck6cb5nl20011za7cozcctqo9,1580621660000,,,https://ncov.dxy.cn/ncovh5/view/pneumonia,,0,1581088309670,cnov
,3,"亚洲","印度",1581088309995,,0,,0,ck6cb5nu30012za7c1diqay6i,1580830226000,,,https://ncov.dxy.cn/ncovh5/view/pneumonia,,0,1581088309995,cnov
,2,"欧洲","意大利",1581088310656,,0,,0,ck6cb5ocg0013za7ckbqcl7y3,1580516912000,,,https://ncov.dxy.cn/ncovh5/view/pneumonia,,0,1581088310656,cnov
,2,"欧洲","英国",1581088311024,,0,,0,ck6cb5omo0014za7c425y0ird,1580495938000,,,https://ncov.dxy.cn/ncovh5/view/pneumonia,,0,1581088311024,cnov
,2,"欧洲","俄罗斯",1581088311424,,0,,0,ck6cb5oxs0015za7c9hrzht22,1580495947000,,,https://ncov.dxy.cn/ncovh5/view/pneumonia,,0,1581088311424,cnov
,2,"亚洲","菲律宾",1581088311806,,0,,1,ck6cb5p8e0016za7cjv6cqtuc,1580614212000,,,https://ncov.dxy.cn/ncovh5/view/pneumonia,,0,1581088311806,cnov
,1,"亚洲","尼泊尔",1581088312448,,0,,0,ck6cb5pq80017za7c781l6so5,1580495955000,,,https://ncov.dxy.cn/ncovh5/view/pneumonia,,0,1581088312448,cnov
,1,"亚洲","柬埔寨",1581088313421,,0,,0,ck6cb5qh90018za7cap996pcz,1580495965000,,,https://ncov.dxy.cn/ncovh5/view/pneumonia,,0,1581088313421,cnov
,1,"亚洲","斯里兰卡",1581088313985,,0,,0,ck6cb5qwx0019za7c8orv5ydo,1580495982000,,,https://ncov.dxy.cn/ncovh5/view/pneumonia,,0,1581088313985,cnov
,1,"欧洲","芬兰",1581088314670,,0,,0,ck6cb5rfy0020za7ceppl4z6j,1580495991000,,,https://ncov.dxy.cn/ncovh5/view/pneumonia,,0,1581088314670,cnov
,1,"欧洲","西班牙",1581088315258,,0,,0,ck6cb5rwa0021za7cskvhvgr3,1580514491000,,,https://ncov.dxy.cn/ncovh5/view/pneumonia,,0,1581088315258,cnov
,1,"欧洲","瑞典",1581088316278,,0,,0,ck6cb5som0022za7c4lp2ym1g,1580516851000,,,https://ncov.dxy.cn/ncovh5/view/pneumonia,,0,1581088316278,cnov
,1,"欧洲","比利时",1581088316830,,0,,0,ck6cb5t3y0023za7cr3mmvs3y,1580805540000,,,https://ncov.dxy.cn/ncovh5/view/pneumonia,,0,1581088316830,cnov
3467,34673,"亚洲","中国",1581120256641,822,2375,87,724,ck6cu6e0x0000q07cd0e9352b,1581174929000,1280,6101,https://ncov.dxy.cn/ncovh5/view/pneumonia,4214,27657,1581187685506,cnov
,3,"欧洲","英国",1581140277260,,0,,0,ck6d63i180000t67c5l3wbqki,1581139898000,,,https://ncov.dxy.cn/ncovh5/view/pneumonia,,0,1581140277260,cnov
,89,"亚洲","日本",1581144478908,,1,,0,ck6d8lk1o0000ac7csksys86q,1581144220000,,,https://ncov.dxy.cn/ncovh5/view/pneumonia,,0,1581144478908,cnov
,33,"亚洲","新加坡",1581145079419,,2,,0,ck6d8yfej0000u07cniio2amq,1581165817000,,,https://ncov.dxy.cn/ncovh5/view/pneumonia,,0,1581166082840,cnov
,16,"亚洲","马来西亚",1581145079539,,1,,0,ck6d8yfhv0001u07c3ezbhvfp,1581157314000,,,https://ncov.dxy.cn/ncovh5/view/pneumonia,,0,1581157680791,cnov
,7,"亚洲","阿联酋",1581145679706,,0,,0,ck6d9bal60000e77ch6va782x,1581145128000,,,https://ncov.dxy.cn/ncovh5/view/pneumonia,,0,1581145679706,cnov
,14,"欧洲","德国",1581146278189,,0,,0,ck6d9o4dp00001c7c4rfnz95b,1581145691000,,,https://ncov.dxy.cn/ncovh5/view/pneumonia,,0,1581146278190,cnov
,3,"欧洲","意大利",1581146278326,,0,,0,ck6d9o4hi00011c7cnwr1i9ct,1581145767000,,,https://ncov.dxy.cn/ncovh5/view/pneumonia,,0,1581146278326,cnov
,13,"亚洲","越南",1581146878313,,1,,0,ck6da0zft0000mu7c800ah5pv,1581146492000,,,https://ncov.dxy.cn/ncovh5/view/pneumonia,,0,1581146878313,cnov
,3,"亚洲","菲律宾",1581146878449,,0,,1,ck6da0zjl0001mu7cdmez8yoj,1581146523000,,,https://ncov.dxy.cn/ncovh5/view/pneumonia,,0,1581146878449,cnov
,1,"欧洲","���班牙",1581148079548,,0,,0,ck6daqqbf0000qy7c6fo798lv,1580514491000,,,https://ncov.dxy.cn/ncovh5/view/pneumonia,,0,1581148079548,cnov
,1,"欧洲","瑞���",1581148079767,,0,,0,ck6daqqhj0001qy7cr10mjh5k,1580516851000,,,https://ncov.dxy.cn/ncovh5/view/pneumonia,,0,1581148079768,cnov
,11,"欧洲","法国",1581155880589,,0,,0,ck6dfdxn10000gx7c5gzn0uzg,1581155502000,,,https://ncov.dxy.cn/ncovh5/view/pneumonia,,0,1581155880589,cnov
,32,"亚洲","泰国",1581166082952,,10,,0,ck6dlglu00000557cpc9faxw8,1581165838000,,,https://ncov.dxy.cn/ncovh5/view/pneumonia,,0,1581166082952,cnov
,15,"大洋洲","澳大利亚",1581166083072,,3,,0,ck6dlglxc0001557caqty2jw2,1581165850000,,,https://ncov.dxy.cn/ncovh5/view/pneumonia,,0,1581166083072,cnov
2695,37289,"亚洲","中国",1581203870239,849,2900,90,813,ck6e7yiov00001y7cn5w2xkem,1581260419000,87,6188,https://ncov.dxy.cn/ncovh5/view/pneumonia,3916,28942,1581260877527,cnov
,40,"亚洲","新加坡",1581215871058,,2,,0,ck6ef3qky0000vw7csfzhitkt,1581215646000,,,https://ncov.dxy.cn/ncovh5/view/pneumonia,,0,1581215871058,cnov
,25,"亚洲","韩国",1581215871187,,3,,0,ck6ef3qoj0001vw7cjs0r7rnw,1581215501000,,,https://ncov.dxy.cn/ncovh5/view/pneumonia,,0,1581215871187,cnov
,7,"北美洲","加拿大",1581215871320,,0,,0,ck6ef3qs80002vw7cq87unqwf,1581215562000,,,https://ncov.dxy.cn/ncovh5/view/pneumonia,,0,1581215871320,cnov
3100,40262,"亚洲","中国",1581297443671,900,3551,97,909,ck6fro4ev00006j7co1taylrf,1581344087000,296,6484,https://ncov.dxy.cn/ncovh5/view/pneumonia,4008,23589,1581344428697,cnov
,156,"亚洲","日本",1581324626417,,4,,0,ck6g7uqr500005g7c5u2maqyc,1581338406000,,,https://ncov.dxy.cn/ncovh5/view/pneumonia,,0,1581338428950,cnov
,43,"亚洲","新加坡",1581324626534,,2,,0,ck6g7uque00015g7c7v0t8wj8,1581338406000,,,https://ncov.dxy.cn/ncovh5/view/pneumonia,,0,1581338429066,cnov
,32,"亚洲","泰国",1581324626647,,10,,0,ck6g7uqxj00025g7cmcs3b6lq,1581338406000,,,https://ncov.dxy.cn/ncovh5/view/pneumonia,,0,1581338429178,cnov
,27,"亚洲","韩国",1581324627466,,3,,0,ck6g7urka00035g7c8d7810qf,1581338406000,,,https://ncov.dxy.cn/ncovh5/view/pneumonia,,0,1581338429289,cnov
,18,"亚洲","马来西亚",1581324628011,,1,,0,ck6g7urzf00045g7c8kwsttyh,1581338406000,,,https://ncov.dxy.cn/ncovh5/view/pneumonia,,0,1581338429400,cnov
,15,"大洋洲","澳大利亚",1581324628125,,3,,0,ck6g7us2l00055g7c5p9f05ur,1581338406000,,,https://ncov.dxy.cn/ncovh5/view/pneumonia,,0,1581338429513,cnov
,14,"亚洲","越南",1581324628234,,1,,0,ck6g7us5m00065g7c5jfigse1,1581338406000,,,https://ncov.dxy.cn/ncovh5/view/pneumonia,,0,1581338429625,cnov
,14,"欧洲","德国",1581324628346,,0,,0,ck6g7us8q00075g7c2yufubo4,1581338406000,,,https://ncov.dxy.cn/ncovh5/view/pneumonia,,0,1581338430062,cnov
,12,"北美洲","美国",1581324628459,,0,,0,ck6g7usbv00085g7c8vniwkh3,1581338406000,,,https://ncov.dxy.cn/ncovh5/view/pneumonia,,0,1581338430176,cnov
,11,"欧洲","法国",1581324628571,,0,,0,ck6g7usez00095g7ctsslimnm,1581338406000,,,https://ncov.dxy.cn/ncovh5/view/pneumonia,,0,1581338430284,cnov
,7,"北美洲","加拿大",1581324628688,,0,,0,ck6g7usi800105g7c44hwpo8k,1581338406000,,,https://ncov.dxy.cn/ncovh5/view/pneumonia,,0,1581338430395,cnov
,7,"亚洲","阿联酋",1581324628812,,0,,0,ck6g7uslo00115g7creg0esb3,1581338406000,,,https://ncov.dxy.cn/ncovh5/view/pneumonia,,0,1581338430522,cnov
,3,"亚洲","印度",1581324628961,,0,,0,ck6g7uspt00125g7cczqx6ild,1581338406000,,,https://ncov.dxy.cn/ncovh5/view/pneumonia,,0,1581338430681,cnov
,3,"欧洲","意大利",1581324629112,,0,,0,ck6g7usu000135g7cdvg6r0qc,1581338406000,,,https://ncov.dxy.cn/ncovh5/view/pneumonia,,0,1581338430846,cnov
,3,"欧洲","英国",1581324629253,,0,,0,ck6g7usxx00145g7cqzxtpnmw,1581338406000,,,https://ncov.dxy.cn/ncovh5/view/pneumonia,,0,1581338431009,cnov
,3,"亚洲","菲律宾",1581324629404,,0,,1,ck6g7ut2400155g7cpol8bv0o,1581338406000,,,https://ncov.dxy.cn/ncovh5/view/pneumonia,,0,1581338431188,cnov
,2,"欧洲","俄罗斯",1581324629549,,0,,0,ck6g7ut6500165g7cwe8ql4vr,1581338406000,,,https://ncov.dxy.cn/ncovh5/view/pneumonia,,0,1581338431340,cnov
,2,"欧洲","西班牙",1581324629703,,0,,0,ck6g7utaf00175g7c1t4p4y8l,1581338406000,,,https://ncov.dxy.cn/ncovh5/view/pneumonia,,0,1581338431487,cnov
,1,"亚洲","尼泊尔",1581324629864,,0,,0,ck6g7utew00185g7csme41d6l,1581338406000,,,https://ncov.dxy.cn/ncovh5/view/pneumonia,,0,1581338431632,cnov
,1,"亚洲","柬埔寨",1581324630323,,0,,0,ck6g7utrn00195g7c8zw8618p,1581338406000,,,https://ncov.dxy.cn/ncovh5/view/pneumonia,,0,1581338431782,cnov
,1,"亚洲","斯里兰卡",1581324630470,,0,,0,ck6g7utvq00205g7cp703czge,1581338406000,,,https://ncov.dxy.cn/ncovh5/view/pneumonia,,0,1581338431929,cnov
,1,"欧洲","芬兰",1581324630619,,0,,0,ck6g7utzv00215g7c2k61igxt,1581338406000,,,https://ncov.dxy.cn/ncovh5/view/pneumonia,,0,1581338432095,cnov
,1,"欧洲","瑞典",1581324630764,,0,,0,ck6g7uu3w00225g7cayeyxe04,1581338406000,,,https://ncov.dxy.cn/ncovh5/view/pneumonia,,0,1581338432239,cnov
,1,"欧洲","比利时",1581324630920,,0,,0,ck6g7uu8800235g7c8cjaphfv,1581338406000,,,https://ncov.dxy.cn/ncovh5/view/pneumonia,,0,1581338432396,cnov
2523,42747,"亚洲","中国",1581389254740,1019,4301,108,1017,ck6habyac00005d7ct0ouuj73,1581434205000,849,7333,https://ncov.dxy.cn/ncovh5/view/pneumonia,3536,21675,1581434398582,cnov
,161,"亚洲","日本",1581389255078,,9,,0,ck6habyjq00015d7cr8v70di9,1581434204000,,,https://ncov.dxy.cn/ncovh5/view/pneumonia,,0,1581434398728,cnov
,45,"亚洲","新加坡",1581389255402,,7,,0,ck6habysq00025d7cnumjvrs4,1581434204000,,,https://ncov.dxy.cn/ncovh5/view/pneumonia,,0,1581434398837,cnov
,32,"亚洲","泰国",1581389255733,,10,,0,ck6habz1x00035d7cwoeimvxm,1581434204000,,,https://ncov.dxy.cn/ncovh5/view/pneumonia,,0,1581434398949,cnov
,28,"亚洲","韩国",1581389256830,,3,,0,ck6habzwe00045d7cr7lr7rxx,1581434204000,,,https://ncov.dxy.cn/ncovh5/view/pneumonia,,0,1581434399098,cnov
,18,"亚洲","马来西亚",1581389257069,,3,,0,ck6hac03100055d7csj8vzkyz,1581434204000,,,https://ncov.dxy.cn/ncovh5/view/pneumonia,,0,1581434399243,cnov
,15,"亚洲","越南",1581389257527,,1,,0,ck6hac0fr00065d7czezobbfo,1581434204000,,,https://ncov.dxy.cn/ncovh5/view/pneumonia,,0,1581434399354,cnov
,15,"大洋洲","澳大利亚",1581389257930,,3,,0,ck6hac0qy00075d7c2t30oz2p,1581434204000,,,https://ncov.dxy.cn/ncovh5/view/pneumonia,,0,1581434399501,cnov
,14,"欧洲","德国",1581389258319,,0,,0,ck6hac11r00085d7ci9kyihts,1581434204000,,,https://ncov.dxy.cn/ncovh5/view/pneumonia,,0,1581434399649,cnov
,13,"北美洲","美国",1581389258968,,0,,0,ck6hac1js00095d7cgeuw4ke8,1581434204000,,,https://ncov.dxy.cn/ncovh5/view/pneumonia,,0,1581434399758,cnov
,11,"欧洲","法国",1581389259344,,0,,0,ck6hac1u800105d7cgo37nshc,1581434204000,,,https://ncov.dxy.cn/ncovh5/view/pneumonia,,0,1581434399910,cnov
,8,"亚洲","阿联酋",1581389259588,,0,,0,ck6hac21000115d7ckak6ody3,1581434204000,,,https://ncov.dxy.cn/ncovh5/view/pneumonia,,0,1581434400103,cnov
,8,"欧洲","英国",1581389259861,,0,,0,ck6hac28l00125d7c8zcr3zyk,1581434204000,,,https://ncov.dxy.cn/ncovh5/view/pneumonia,,0,1581434400300,cnov
,7,"北美洲","加拿大",1581389260418,,0,,0,ck6hac2o200135d7c8vhn5n2r,1581434204000,,,https://ncov.dxy.cn/ncovh5/view/pneumonia,,0,1581434400458,cnov
,3,"亚洲","印度",1581389261075,,0,,0,ck6hac36b00145d7c80918rvn,1581434204000,,,https://ncov.dxy.cn/ncovh5/view/pneumonia,,0,1581434400666,cnov
,3,"欧洲","意大利",1581389261431,,0,,0,ck6hac3g700155d7cayth93hr,1581434204000,,,https://ncov.dxy.cn/ncovh5/view/pneumonia,,0,1581434400829,cnov
,3,"亚洲","菲律宾",1581389261670,,0,,1,ck6hac3mu00165d7c1ntiqzcm,1581434204000,,,https://ncov.dxy.cn/ncovh5/view/pneumonia,,0,1581434401346,cnov
,2,"欧洲","俄罗斯",1581389262095,,0,,0,ck6hac3yn00175d7cs1kv8z8s,1581434204000,,,https://ncov.dxy.cn/ncovh5/view/pneumonia,,0,1581434401538,cnov
,2,"欧洲","西班牙",1581389262748,,0,,0,ck6hac4gs00185d7ckyfbb9tw,1581434204000,,,https://ncov.dxy.cn/ncovh5/view/pneumonia,,0,1581434401734,cnov
,1,"亚洲","尼泊尔",1581389263111,,0,,0,ck6hac4qv00195d7cxmtf4286,1581434204000,,,https://ncov.dxy.cn/ncovh5/view/pneumonia,,0,1581434401880,cnov
,1,"亚洲","柬埔寨",1581389263515,,0,,0,ck6hac52300205d7cd0xswvry,1581434204000,,,https://ncov.dxy.cn/ncovh5/view/pneumonia,,0,1581434402049,cnov
,1,"亚洲","斯里兰卡",1581389264001,,0,,0,ck6hac5fl00215d7c4iebi8nu,1581434204000,,,https://ncov.dxy.cn/ncovh5/view/pneumonia,,0,1581434402197,cnov
,1,"欧洲","芬兰",1581389264543,,0,,0,ck6hac5un00225d7c24rgs0wa,1581434204000,,,https://ncov.dxy.cn/ncovh5/view/pneumonia,,0,1581434402382,cnov
,1,"欧洲","瑞典",1581389265139,,0,,0,ck6hac6b700235d7cdpe0dvl5,1581434204000,,,https://ncov.dxy.cn/ncovh5/view/pneumonia,,0,1581434402582,cnov
,1,"欧洲","比利时",1581389265573,,0,,0,ck6hac6n900245d7cbdw8ipwd,1581434204000,,,https://ncov.dxy.cn/ncovh5/view/pneumonia,,0,1581434402765,cnov
,45,"亚洲","新加��",1581436799523,,7,,0,ck6i2n02r0000fd7c6w1d6p59,1581434204000,,,https://ncov.dxy.cn/ncovh5/view/pneumonia,,0,1581436799524,cnov
,3,"亚洲","菲律���",1581460802298,,0,,1,ck6igxgqi0000u67c7vwlryhh,1581434204000,,,https://ncov.dxy.cn/ncovh5/view/pneumonia,,0,1581460802299,cnov
2057,44765,"亚洲","中国",1581463205645,1068,5066,99,1116,ck6iicz650000pg7cxyyklxp5,1581519282000,871,8204,https://ncov.dxy.cn/ncovh5/view/pneumonia,3342,16067,1581519426604,cnov
,203,"亚洲","日本",1581463205882,,9,,0,ck6iiczcq0001pg7cpwl7me66,1581519281000,,,https://ncov.dxy.cn/ncovh5/view/pneumonia,,0,1581519426715,cnov
,47,"亚洲","新加坡",1581463206085,,9,,0,ck6iiczid0002pg7c9fh589to,1581519281000,,,https://ncov.dxy.cn/ncovh5/view/pneumonia,,0,1581519426830,cnov
,33,"亚洲","泰国",1581463206261,,10,,0,ck6iiczn90003pg7cj2wcuvz2,1581519281000,,,https://ncov.dxy.cn/ncovh5/view/pneumonia,,0,1581519426941,cnov
,28,"亚洲","韩国",1581463206394,,4,,0,ck6iiczqy0004pg7cz4ipbl4i,1581519281000,,,https://ncov.dxy.cn/ncovh5/view/pneumonia,,0,1581519427053,cnov
,18,"亚洲","马来西亚",1581463206884,,3,,0,ck6iid04k0005pg7cmhl9oz6r,1581519281000,,,https://ncov.dxy.cn/ncovh5/view/pneumonia,,0,1581519427169,cnov
,15,"亚洲","越南",1581463207160,,3,,0,ck6iid0c80006pg7c2iii5igo,1581519281000,,,https://ncov.dxy.cn/ncovh5/view/pneumonia,,0,1581519427392,cnov
,15,"大洋洲","澳大利亚",1581463207287,,5,,0,ck6iid0fr0007pg7cr51861rn,1581519281000,,,https://ncov.dxy.cn/ncovh5/view/pneumonia,,0,1581519427506,cnov
,16,"欧洲","德国",1581463207453,,0,,0,ck6iid0kd0008pg7cf2kjfpq9,1581519281000,,,https://ncov.dxy.cn/ncovh5/view/pneumonia,,0,1581519427277,cnov
,13,"北美洲","美国",1581463207662,,3,,0,ck6iid0q60009pg7cy7xymfhv,1581519281000,,,https://ncov.dxy.cn/ncovh5/view/pneumonia,,0,1581519427615,cnov
,11,"欧洲","法国",1581463207904,,0,,0,ck6iid0ww0010pg7cvto7n7y3,1581519281000,,,https://ncov.dxy.cn/ncovh5/view/pneumonia,,0,1581519427728,cnov
,8,"亚洲","阿联酋",1581463208050,,1,,0,ck6iid10y0011pg7cepvkvmkk,1581519281000,,,https://ncov.dxy.cn/ncovh5/view/pneumonia,,0,1581519427838,cnov
,8,"欧洲","英国",1581463208304,,0,,0,ck6iid1800012pg7cm0p05wbz,1581519281000,,,https://ncov.dxy.cn/ncovh5/view/pneumonia,,0,1581519427953,cnov
,7,"北美洲","加拿大",1581463208634,,0,,0,ck6iid1h60013pg7cy9b6tcod,1581519281000,,,https://ncov.dxy.cn/ncovh5/view/pneumonia,,0,1581519428102,cnov
,3,"亚洲","印度",1581463208817,,0,,0,ck6iid1m90014pg7colaboc1w,1581519281000,,,https://ncov.dxy.cn/ncovh5/view/pneumonia,,0,1581519428246,cnov
,3,"欧洲","意大利",1581463209128,,0,,0,ck6iid1uw0015pg7cbzi1t6pn,1581519281000,,,https://ncov.dxy.cn/ncovh5/view/pneumonia,,0,1581519428394,cnov
,3,"亚洲","菲律宾",1581463209338,,1,,1,ck6iid20q0016pg7c8csqdp9g,1581519281000,,,https://ncov.dxy.cn/ncovh5/view/pneumonia,,0,1581519428541,cnov
,2,"欧洲","俄罗斯",1581463209562,,0,,0,ck6iid26y0017pg7cios7k5gm,1581519281000,,,https://ncov.dxy.cn/ncovh5/view/pneumonia,,0,1581519428689,cnov
,2,"欧洲","西班牙",1581463209875,,0,,0,ck6iid2fn0018pg7c1vdlxbet,1581519281000,,,https://ncov.dxy.cn/ncovh5/view/pneumonia,,0,1581519428837,cnov
,1,"亚洲","尼泊尔",1581463210066,,0,,0,ck6iid2ky0019pg7cibr1lm4x,1581519281000,,,https://ncov.dxy.cn/ncovh5/view/pneumonia,,0,1581519428987,cnov
,1,"亚洲","柬埔寨",1581463210222,,1,,0,ck6iid2pa0020pg7ccl7o6d9t,1581519281000,,,https://ncov.dxy.cn/ncovh5/view/pneumonia,,0,1581519429455,cnov
,1,"亚洲","斯里兰卡",1581463210606,,0,,0,ck6iid2zy0021pg7cpushejgg,1581519281000,,,https://ncov.dxy.cn/ncovh5/view/pneumonia,,0,1581519429604,cnov
,1,"欧洲","芬兰",1581463211164,,1,,0,ck6iid3fg0022pg7cef35r5mc,1581519281000,,,https://ncov.dxy.cn/ncovh5/view/pneumonia,,0,1581519429751,cnov
,1,"欧洲","瑞典",1581463211668,,0,,0,ck6iid3tg0023pg7c5g773tai,1581519281000,,,https://ncov.dxy.cn/ncovh5/view/pneumonia,,0,1581519429898,cnov
,1,"欧洲","比利时",1581463212096,,0,,0,ck6iid45c0024pg7c7xnwrqo2,1581519281000,,,https://ncov.dxy.cn/ncovh5/view/pneumonia,,0,1581519430045,cnov
,2,"欧洲","西班��",1581471606584,,0,,0,ck6ind1dk00007y7c6w1wisud,1581471425000,,,https://ncov.dxy.cn/ncovh5/view/pneumonia,,0,1581471606585,cnov
2057,44765,"亚洲","中国",1581524827651,1068,5066,100,1117,ck6jj1r0j0000cf7c48yiufs5,1581526610000,871,8204,https://ncov.dxy.cn/ncovh5/view/pneumonia,3342,16067,1581527228071,cnov
,203,"亚洲","日本",1581524827769,,9,,0,ck6jj1r3t0001cf7cf7n79m0k,1581526610000,,,https://ncov.dxy.cn/ncovh5/view/pneumonia,,0,1581527228199,cnov
,47,"亚洲","新加坡",1581524827889,,9,,0,ck6jj1r750002cf7cmxej2h0i,1581526610000,,,https://ncov.dxy.cn/ncovh5/view/pneumonia,,0,1581527228315,cnov
,33,"亚洲","泰国",1581524828313,,10,,0,ck6jj1rix0003cf7chd5qs311,1581526610000,,,https://ncov.dxy.cn/ncovh5/view/pneumonia,,0,1581527228783,cnov
,28,"亚洲","韩国",1581524828423,,4,,0,ck6jj1rlz0004cf7c78su5rhw,1581526610000,,,https://ncov.dxy.cn/ncovh5/view/pneumonia,,0,1581527228901,cnov
,18,"亚洲","马来西亚",1581524828536,,3,,0,ck6jj1rp40005cf7cbqz4gne8,1581526610000,,,https://ncov.dxy.cn/ncovh5/view/pneumonia,,0,1581527229009,cnov
,16,"欧洲","德国",1581524828647,,0,,0,ck6jj1rs70006cf7cxm92ldml,1581526610000,,,https://ncov.dxy.cn/ncovh5/view/pneumonia,,0,1581527229123,cnov
,15,"亚洲","越南",1581524828762,,3,,0,ck6jj1rve0007cf7cuaxrgman,1581526610000,,,https://ncov.dxy.cn/ncovh5/view/pneumonia,,0,1581527229236,cnov
,15,"大洋洲","澳大利亚",1581524828870,,5,,0,ck6jj1rye0008cf7c89921wjm,1581526610000,,,https://ncov.dxy.cn/ncovh5/view/pneumonia,,0,1581527229344,cnov
,13,"北美洲","美国",1581524828987,,3,,0,ck6jj1s1n0009cf7cguyic645,1581526610000,,,https://ncov.dxy.cn/ncovh5/view/pneumonia,,0,1581527229451,cnov
,11,"欧洲","法国",1581524829095,,0,,0,ck6jj1s4n0010cf7c8pnde968,1581526610000,,,https://ncov.dxy.cn/ncovh5/view/pneumonia,,0,1581527229571,cnov
,8,"亚洲","阿联酋",1581524829207,,1,,0,ck6jj1s7r0011cf7cn4fylu3w,1581526610000,,,https://ncov.dxy.cn/ncovh5/view/pneumonia,,0,1581527229691,cnov
,8,"欧洲","英国",1581524829330,,0,,0,ck6jj1sb60012cf7c4joo7i82,1581526610000,,,https://ncov.dxy.cn/ncovh5/view/pneumonia,,0,1581527229820,cnov
,7,"北美洲","加拿大",1581524829477,,0,,0,ck6jj1sf90013cf7co579ik7t,1581526610000,,,https://ncov.dxy.cn/ncovh5/view/pneumonia,,0,1581527230009,cnov
,3,"亚洲","印度",1581524829629,,0,,0,ck6jj1sjh0014cf7cmsj8zpb5,1581526610000,,,https://ncov.dxy.cn/ncovh5/view/pneumonia,,0,1581527230331,cnov
,3,"欧洲","意大利",1581524829792,,0,,0,ck6jj1so00015cf7cwd35t072,1581526610000,,,https://ncov.dxy.cn/ncovh5/view/pneumonia,,0,1581527230625,cnov
,3,"亚洲","菲律宾",1581524829959,,1,,1,ck6jj1ssn0016cf7cogt1g4p8,1581526610000,,,https://ncov.dxy.cn/ncovh5/view/pneumonia,,0,1581527230850,cnov
,2,"欧洲","俄罗斯",1581524830123,,0,,0,ck6jj1sx70017cf7c135llzzb,1581526610000,,,https://ncov.dxy.cn/ncovh5/view/pneumonia,,0,1581527231042,cnov
,2,"欧洲","西班牙",1581524830274,,0,,0,ck6jj1t1e0018cf7cuhnnp1gi,1581526610000,,,https://ncov.dxy.cn/ncovh5/view/pneumonia,,0,1581527231232,cnov
,1,"亚洲","尼泊尔",1581524830418,,0,,0,ck6jj1t5e0019cf7c8cnmbi1k,1581526610000,,,https://ncov.dxy.cn/ncovh5/view/pneumonia,,0,1581527231445,cnov
,1,"亚洲","柬埔寨",1581524830594,,1,,0,ck6jj1taa0020cf7c08koum81,1581526610000,,,https://ncov.dxy.cn/ncovh5/view/pneumonia,,0,1581527231629,cnov
,1,"亚洲","斯里兰卡",1581524830739,,0,,0,ck6jj1teb0021cf7cl43lhmbi,1581526610000,,,https://ncov.dxy.cn/ncovh5/view/pneumonia,,0,1581527231798,cnov
,1,"欧洲","芬兰",1581524830886,,1,,0,ck6jj1tie0022cf7cgso7k2o7,1581526610000,,,https://ncov.dxy.cn/ncovh5/view/pneumonia,,0,1581527232187,cnov
,1,"欧洲","瑞典",1581524831037,,0,,0,ck6jj1tml0023cf7cwvpe4w4v,1581526610000,,,https://ncov.dxy.cn/ncovh5/view/pneumonia,,0,1581527232416,cnov
,1,"欧洲","比利时",1581524831534,,0,,0,ck6jj1u0e0024cf7cyqbxxedy,1581526610000,,,https://ncov.dxy.cn/ncovh5/view/pneumonia,,0,1581527233045,cnov
,47,"亚洲","新���坡",1581530833060,,9,,0,ck6jmmgtg00008t7cuo3wdf9l,1581526610000,,,https://ncov.dxy.cn/ncovh5/view/pneumonia,,0,1581530833060,cnov
